/* ============================================================
   SCENARIO: AIRLINE RESERVATION SYSTEM
   Tables: Airlines -> Flights -> Bookings
   Focus: JOINS integrated with GROUP BY and HAVING
   ============================================================ */


/* ------------------------------------------------------------
   TABLE 1: Airlines (Parent table)
   ------------------------------------------------------------ */
use practice;
CREATE TABLE Airlines (
    airline_id INT PRIMARY KEY,
    airline_name VARCHAR(50) NOT NULL UNIQUE,
    country VARCHAR(50) DEFAULT 'India',
    established_year INT CHECK (established_year >= 1950)
);

INSERT INTO Airlines VALUES
(1, 'SkyIndia Airlines', 'India', 1995),
(2, 'BlueJet Airways', 'India', 2003),
(3, 'CloudNine Air', 'India', 2010),
(4, 'Falcon Wings', 'India', 1988),
(5, 'AeroSwift', 'India', 2015);


/* ------------------------------------------------------------
   TABLE 2: Flights (Child of Airlines)
   ------------------------------------------------------------ */

CREATE TABLE Flights (
    flight_id INT PRIMARY KEY,
    flight_number VARCHAR(10) UNIQUE NOT NULL,
    airline_id INT,
    origin VARCHAR(50) NOT NULL,
    destination VARCHAR(50) NOT NULL,
    distance_km INT CHECK (distance_km > 0),
    FOREIGN KEY (airline_id) REFERENCES Airlines(airline_id)
);

INSERT INTO Flights VALUES
(101, 'SK101', 1, 'Delhi', 'Mumbai', 1150),
(102, 'SK102', 1, 'Mumbai', 'Bangalore', 840),
(103, 'BJ201', 2, 'Delhi', 'Chennai', 1760),
(104, 'BJ202', 2, 'Chennai', 'Kolkata', 1370),
(105, 'CN301', 3, 'Bangalore', 'Pune', 730),
(106, 'CN302', 3, 'Pune', 'Delhi', 1180),
(107, 'FW401', 4, 'Mumbai', 'Kolkata', 1660),
(108, 'FW402', 4, 'Kolkata', 'Hyderabad', 1180),
(109, 'AS501', 5, 'Hyderabad', 'Delhi', 1260),
(110, 'AS502', 5, 'Delhi', 'Bangalore', 1740);


/* ------------------------------------------------------------
   TABLE 3: Bookings (Child of Flights)
   ------------------------------------------------------------ */

CREATE TABLE Bookings (
    booking_id INT PRIMARY KEY,
    flight_id INT,
    passenger_name VARCHAR(50) NOT NULL,
    seat_class VARCHAR(20) DEFAULT 'Economy',
    fare DECIMAL(10,2) CHECK (fare > 0),
    booking_date DATE,
    FOREIGN KEY (flight_id) REFERENCES Flights(flight_id)
);

INSERT INTO Bookings VALUES
(1, 101, 'Ravi Kumar', 'Economy', 4500.00, '2026-06-01'),
(2, 101, 'Priya Sharma', 'Business', 12000.00, '2026-06-01'),
(3, 102, 'Aman Gupta', 'Economy', 3200.00, '2026-06-02'),
(4, 103, 'Sneha Iyer', 'Economy', 6800.00, '2026-06-02'),
(5, 103, 'Karan Mehta', 'Economy', 6800.00, '2026-06-03'),
(6, 104, 'Divya Nair', 'Business', 15500.00, '2026-06-03'),
(7, 105, 'Rohit Verma', 'Economy', 2900.00, '2026-06-04'),
(8, 106, 'Anjali Singh', 'Economy', 4700.00, '2026-06-04'),
(9, 106, 'Vikram Rao', 'Business', 11200.00, '2026-06-05'),
(10, 107, 'Neha Joshi', 'Economy', 7100.00, '2026-06-05'),
(11, 108, 'Arjun Nair', 'Economy', 4900.00, '2026-06-06'),
(12, 109, 'Meera Pillai', 'Business', 13400.00, '2026-06-06'),
(13, 109, 'Suresh Rao', 'Economy', 5200.00, '2026-06-07'),
(14, 110, 'Kavya Reddy', 'Economy', 7300.00, '2026-06-07'),
(15, 102, 'Ramesh Babu', 'Economy', 3100.00, '2026-06-08'),
(16, 107, 'Pooja Menon', 'Business', 16000.00, '2026-06-08');

-- Note: Flight 104 (BJ202) and Flight 105 (CN301) each have exactly
-- one booking, useful for HAVING COUNT comparisons.
select * from Airlines;
select * from Flights;
select * from Bookings;
/* ============================================================
   15 QUESTIONS
   ============================================================ */

-- Q1. List every flight along with the name of the airline operating it.
select f.flight_number,a.airline_name
from Flights f
inner join Airlines a
on f.airline_id = a.airline_id;

-- Q2. Find the total number of bookings for each flight.
select flight_id,COUNT(booking_id) AS Total_bookings
from Bookings
group by flight_id;

-- Q3. Find flights that have more than 1 booking.
select flight_id,COUNT(booking_id) AS Total_bookings
from Bookings
group by flight_id
having COUNT(booking_id) > 1;

-- Q4. Find the total revenue (sum of fare) generated by each flight.
select flight_id,SUM(fare) AS total_revenue
from Bookings
group by flight_id;

-- Q5. Find flights whose total revenue is more than 10000.
select flight_id,SUM(fare) AS total_revenue
from Bookings
group by flight_id
having SUM(fare)>10000;

-- Q6. Find the total revenue generated by each airline (joining all three tables).
select a.airline_name,SUM(b.fare) as Total_revenue
from Airlines a
inner join Flights f
on a.airline_id = f.airline_id
inner join Bookings b
on f.flight_id = b.flight_id
group by a.airline_name;

-- Q7. Find airlines whose total revenue is more than 15000.
select a.airline_name,SUM(b.fare) as Total_revenue
from Airlines a
inner join Flights f
on a.airline_id = f.airline_id
inner join Bookings b
on f.flight_id = b.flight_id
group by a.airline_name
having SUM(b.fare) > 15000;

-- Q8. Find the average fare paid per booking for each airline.
select a.airline_name,round(avg(b.fare),2)as AVG_FARE_PER_BOOKING
from Airlines a
inner join Flights f
on a.airline_id = f.airline_id
inner join Bookings b
on f.flight_id = b.flight_id
group by a.airline_name;

-- Q9. Find airlines where the average fare is greater than 6000.
select a.airline_name,round(avg(b.fare),2)as AVG_FARE_PER_BOOKING
from Airlines a
inner join Flights f
on a.airline_id = f.airline_id
inner join Bookings b
on f.flight_id = b.flight_id
group by a.airline_name
having round(avg(b.fare),2) > 6000;

-- Q10. Find the number of bookings made in each seat class (Economy vs Business).
select seat_class,COUNT(seat_class ) as Total_bookings
from Bookings
group by seat_class;

-- Q11. Find the total number of flights operated by each airline.
select a.airline_name,COUNT(f.flight_id) AS Total_flights
from Airlines a
inner join Flights f
on a.airline_id = f.airline_id
group by a.airline_name;

-- Q12. Find airlines that operate more than 1 flight.
select a.airline_name,COUNT(f.flight_id) AS Total_flights
from Airlines a
inner join Flights f
on a.airline_id = f.airline_id
group by a.airline_name
having Total_flights > 1;

-- Q13. Find the highest fare paid for each flight.
select flight_id,MAX(fare) AS highest_fare
from Bookings
group by flight_id;

-- Q14. Find flights where the highest fare paid is 10000 or more.
select flight_id,MAX(fare) AS highest_fare
from Bookings
group by flight_id
having highest_fare >= 10000;

-- Q15. Find each airline's average distance covered by its flights, showing
--      only airlines whose average flight distance is more than 1200 km.

select a.airline_name,ROUND(AVG(f.distance_km), 2) AS Avg_distance
from Airlines a
inner join Flights f
on a.airline_id = f.airline_id
group by a.airline_name
having  Avg_distance > 1200;



-- Create a view named FlightAirlineView that shows each flight's number, origin, destination, and the name of the airline operating it. 
-- Then write a query to select all flights from this view that depart from 'Delhi'.


	Create view FlightAirlineView as
	select f.flight_number, f.origin, f.destination, a.airline_name
	from Flights f
	inner join Airlines a
	on f.airline_id = a.airline_id;
    
    Select *
	from FlightAirlineView
	where origin = 'Delhi';

-- Create a view named FlightRevenueView that shows each flight's number along with the total revenue (sum of fare) generated from its bookings.
-- Then write a query to select flights from this view with revenue greater than 10000.

create view FlightRevenueView as
select f.flight_number,SUM(b.fare) as total_revenue
from Flights f
inner join Bookings b
on f.flight_id = b.flight_id
group by f.flight_number;

select * from FlightRevenueView
where total_revenue > 10000;

-- Create a view named AirlineRevenueView that shows each airline's name along with its total revenue across all flights and bookings.
-- Then write a query to select airlines from this view with revenue greater than 15000.
create view AirlineRevenueView as
select a.airline_name,SUM(b.fare) AS total_revenue
from Airlines a
inner join Flights f
on a.airline_id = f.airline_id
inner join Bookings b
on f.flight_id = b.flight_id
group by a.airline_name;

select * from AirlineRevenueView
where total_revenue > 15000;

-- Create a view named BusinessClassBookingsView that shows the passenger name, flight number, and fare, but only for bookings where the seat class is 'Business'.
-- Then write a query to select the highest fare from this view.
create view BusinessClassBookingsView as
select b.passenger_name,f.flight_number,b.fare
from Bookings b
inner join Flights f
on b.flight_id = f.flight_id
where b.seat_class = 'Business';

select MAX(fare)
from BusinessClassBookingsView;

-- Create a view named AirlineFlightCountView that shows each airline's name along with the total number of flights it operates.
-- Then write a query to select airlines from this view that operate more than 1 flight.
create view AirlineFlightCountView as
select a.airline_name,COUNT(f.flight_id) as Total_flights
from Airlines a
inner join Flights f
on a.airline_id = f.airline_id
group by  a.airline_name;

select *from AirlineFlightCountView
where total_flights > 1;

-- Create a view named FlightBookingCountView that shows each flight's number along with the total number of bookings made for it.
-- Then write a query to select flights from this view with more than 1 booking.
create view FlightBookingCountView AS
select f.flight_number,COUNT(b.booking_id) AS Total_bookings
FROM Flights f
inner join Bookings b
on f.flight_id = b.flight_id
group by f.flight_number;

select *from FlightBookingCountView
where Total_bookings > 1;

-- Create a view named AirlineAverageFareView that shows each airline's name along with the average fare paid by passengers across its flights.
-- Then write a query to select airlines from this view with an average fare greater than 6000.
create view AirlineAverageFareView AS
select a.airline_name,AVG(b.fare) AS Average_fare
from Airlines a
inner join Flights f
on a.airline_id = f.airline_id
inner join Bookings b
on f.flight_id = b.flight_id
group by a.airline_name;

select *from AirlineAverageFareView
where Average_fare > 6000;
-- Create a view named LongDistanceFlightsView that shows the flight number, origin, destination, and distance, but only for flights with a
-- distance greater than 1200 km. Then write a query to select the airline names (by joining this view with Airlines) that operate these long-distance flights.
create view LongDistanceFlightsView as
select flight_number,airline_id,origin,destination,distance_km
from Flights
WHERE distance_km > 1200;

SELECT a.airline_name,l.flight_number,l.origin,l.destination,l.distance_km
from LongDistanceFlightsView l
inner join Airlines a
on l.airline_id = a.airline_id;

-- Create a view named SeatClassSummaryView that shows the seat class along with the total number of bookings and the average fare for each seat class.
-- Then write a query to select from this view the seat class with the higher average fare.
Create view SeatClassSummaryView as
select seat_class,
count(booking_id) as Total_booking,
avg(fare) as Average_fare
from Bookings
group by seat_class;

select * from SeatClassSummaryView
ORDER BY average_fare DESC;


-- Create a view named PassengerFlightView that shows the passenger name, flight number, origin, destination, and booking date for every booking made.
-- Then write a query to select from this view all bookings made after '2026-06-05'.
CREATE VIEW PassengerFlightView AS
SELECT b.passenger_name,f.flight_number,f.origin,f.destination,b.booking_date
FROM Bookings b
JOIN Flights f
ON b.flight_id = f.flight_id;

SELECT *FROM PassengerFlightView
WHERE booking_date > '2026-06-05';
